{
  "config": {
    "model_name": "bert-base-uncased",
    "max_len": 384,
    "max_question_len": 64,
    "max_paragraph_len": 256,
    "doc_stride": 128,
    "batch_size": 16,
    "lr": 2e-05,
    "epochs": 5,
    "warmup_ratio": 0.1,
    "max_train_samples": 10000,
    "max_test_samples": 1000,
    "gradient_accumulation_steps": 2,
    "weight_decay": 0.01,
    "max_grad_norm": 1.0
  },
  "metrics": {
    "train_loss": [
      3.00239774855269,
      1.4576592372647326,
      1.024590219329497,
      0.7876124807461432,
      0.6540691618048319
    ],
    "train_start_acc": [
      0.2624339679059105,
      0.5422107046745739,
      0.6449715937406558,
      0.7131466161666501,
      0.7498255756005183
    ],
    "train_end_acc": [
      0.29313266221469153,
      0.6017143426691917,
      0.7068673377853085,
      0.7663709757799262,
      0.8064387521180105
    ],
    "eval_f1": [
      0.5528596821109374,
      0.6278692753885412,
      0.627551435711878,
      0.6361437127995917,
      0.629524832881257
    ],
    "eval_em": [
      0.408,
      0.479,
      0.489,
      0.492,
      0.492
    ],
    "lr": [
      1.7777777777777777e-05,
      1.3333333333333333e-05,
      8.888888888888888e-06,
      4.444444444444444e-06,
      0.0
    ]
  },
  "best_performance": {
    "best_f1": 0.6361437127995917,
    "best_f1_epoch": 4,
    "best_em": 0.492,
    "best_em_epoch": 4,
    "final_f1": 0.629524832881257,
    "final_em": 0.492,
    "final_loss": 0.6540691618048319
  },
  "training_summary": {
    "total_epochs": 5,
    "total_train_samples": 10033,
    "total_test_samples": 1053,
    "model_parameters": 109483778
  }
}